<?xml version="1.0" encoding="UTF-8"?>
<project-private xmlns="http://www.netbeans.org/ns/project-private/1">
    <editor-bookmarks xmlns="http://www.netbeans.org/ns/editor-bookmarks/2" lastBookmarkId="0"/>
    <open-files xmlns="http://www.netbeans.org/ns/projectui-open-files/2">
        <group>
            <file>file:/home/rafaelb/Documentos/Projeto%20TP1/Trabalho-TP1/ProjetoPixelPoint/src/interfaceGrafica/TelaPrincipal.java</file>
            <file>file:/home/rafaelb/Documentos/Projeto%20TP1/Trabalho-TP1/ProjetoPixelPoint/banco%20de%20dados%20clientes.txt</file>
            <file>file:/home/rafaelb/Documentos/Projeto%20TP1/Trabalho-TP1/ProjetoPixelPoint/src/backend/Desenvolvedor.java</file>
            <file>file:/home/rafaelb/Documentos/Projeto%20TP1/Trabalho-TP1/ProjetoPixelPoint/src/interfaceGrafica/TelaLoja.java</file>
            <file>file:/home/rafaelb/Documentos/Projeto%20TP1/Trabalho-TP1/ProjetoPixelPoint/src/interfaceGrafica/TelaComprar.java</file>
            <file>file:/home/rafaelb/Documentos/Projeto%20TP1/Trabalho-TP1/ProjetoPixelPoint/src/interfaceGrafica/TelaCadastrarJogo.java</file>
            <file>file:/home/rafaelb/Documentos/Projeto%20TP1/Trabalho-TP1/ProjetoPixelPoint/src/backend/Usuario.java</file>
            <file>file:/home/rafaelb/Documentos/Projeto%20TP1/Trabalho-TP1/ProjetoPixelPoint/src/interfaceGrafica/TelaPerfilDesenvolvedor.java</file>
            <file>file:/home/rafaelb/Documentos/Projeto%20TP1/Trabalho-TP1/ProjetoPixelPoint/banco%20de%20dados%20desenvolvedores.txt</file>
            <file>file:/home/rafaelb/Documentos/Projeto%20TP1/Trabalho-TP1/ProjetoPixelPoint/src/interfaceGrafica/TelaCadastroCliente.java</file>
            <file>file:/home/rafaelb/Documentos/Projeto%20TP1/Trabalho-TP1/ProjetoPixelPoint/banco%20de%20dados%20jogos.txt</file>
        </group>
    </open-files>
</project-private>
